pclass,survived,sex,age,sibsp,parch,fare,cabin,embarked
1,1,female,29.0,0,0,211.3375,B5,S
1,1,male,0.9167,1,2,151.55,C22,S
1,0,female,2.0,1,2,151.55,C22,S
1,0,male,30.0,1,2,151.55,C22,S
1,0,female,25.0,1,2,151.55,C22,S
1,1,male,48.0,0,0,26.55,E12,S
1,1,female,63.0,1,0,77.9583,D7,S
1,0,male,39.0,0,0,0,A36,S
1,1,female,53.0,2,0,51.4792,C101,S
1,0,male,71.0,0,0,49.5042,N,C
1,0,male,47.0,1,0,227.525,C62,C
1,1,female,18.0,1,0,227.525,C62,C
1,1,female,24.0,0,0,69.3,B35,C
1,1,female,26.0,0,0,78.85,N,S
1,1,male,80.0,0,0,30,A23,S
1,0,male,29.813199137104508,0,0,25.925,N,S
1,0,male,24.0,0,1,247.5208,B58,C
1,1,female,50.0,0,1,247.5208,B58,C
1,1,female,32.0,0,0,76.2917,D15,C
1,0,male,36.0,0,0,75.2417,C6,C
1,1,male,37.0,1,1,52.5542,D35,S
1,1,female,47.0,1,1,52.5542,D35,S
1,1,male,26.0,0,0,30,C148,C
1,1,female,42.0,0,0,227.525,N,C
1,1,female,29.0,0,0,221.7792,C97,S
1,0,male,25.0,0,0,26,N,C
1,1,male,25.0,1,0,91.0792,B49,C
1,1,female,19.0,1,0,91.0792,B49,C
1,1,female,35.0,0,0,135.6333,C99,S
1,1,male,28.0,0,0,26.55,C52,S
1,0,male,45.0,0,0,35.5,T,S
1,1,male,40.0,0,0,31,A31,C
1,1,female,30.0,0,0,164.8667,C7,S
1,1,female,58.0,0,0,26.55,C103,S
1,0,male,42.0,0,0,26.55,D22,S
1,1,female,45.0,0,0,262.375,N,C
1,1,female,22.0,0,1,55,E33,S
1,1,male,29.813199137104508,0,0,26.55,N,S
1,0,male,41.0,0,0,30.5,A21,S
1,0,male,48.0,0,0,50.4958,B10,C
1,0,male,29.813199137104508,0,0,39.6,N,C
1,1,female,44.0,0,0,27.7208,B4,C
1,1,female,59.0,2,0,51.4792,C101,S
1,1,female,60.0,0,0,76.2917,D15,C
1,1,female,41.0,0,0,134.5,E40,C
1,0,male,45.0,0,0,26.55,B38,S
1,0,male,29.813199137104508,0,0,31,N,S
1,1,male,42.0,0,0,26.2875,E24,S
1,1,female,53.0,0,0,27.4458,N,C
1,1,male,36.0,0,1,512.3292,B51,C
1,1,female,58.0,0,1,512.3292,B51,C
1,0,male,33.0,0,0,5,B51,S
1,0,male,28.0,0,0,47.1,N,S
1,0,male,17.0,0,0,47.1,N,S
1,1,male,11.0,1,2,120,B96,S
1,1,female,14.0,1,2,120,B96,S
1,1,male,36.0,1,2,120,B96,S
1,1,female,36.0,1,2,120,B96,S
1,0,male,49.0,0,0,26,N,S
1,1,female,29.813199137104508,0,0,27.7208,N,C
1,0,male,36.0,1,0,78.85,C46,S
1,1,female,76.0,1,0,78.85,C46,S
1,0,male,46.0,1,0,61.175,E31,S
1,1,female,47.0,1,0,61.175,E31,S
1,1,male,27.0,1,0,53.1,E8,S
1,1,female,33.0,1,0,53.1,E8,S
1,1,female,36.0,0,0,262.375,B61,C
1,1,female,30.0,0,0,86.5,B77,S
1,1,male,45.0,0,0,29.7,A9,C
1,1,female,29.813199137104508,0,1,55,E33,S
1,0,male,29.813199137104508,0,0,0,N,S
1,0,male,27.0,1,0,136.7792,C89,C
1,1,female,26.0,1,0,136.7792,C89,C
1,1,female,22.0,0,0,151.55,N,S
1,0,male,29.813199137104508,0,0,52,A14,S
1,0,male,47.0,0,0,25.5875,E58,S
1,1,female,39.0,1,1,83.1583,E49,C
1,0,male,37.0,1,1,83.1583,E52,C
1,1,female,64.0,0,2,83.1583,E45,C
1,1,female,55.0,2,0,25.7,C101,S
1,0,male,29.813199137104508,0,0,26.55,N,S
1,0,male,70.0,1,1,71,B22,S
1,1,female,36.0,0,2,71,B22,S
1,1,female,64.0,1,1,26.55,B26,S
1,0,male,39.0,1,0,71.2833,C85,C
1,1,female,38.0,1,0,71.2833,C85,C
1,1,male,51.0,0,0,26.55,E17,S
1,1,male,27.0,0,0,30.5,N,S
1,1,female,33.0,0,0,151.55,N,S
1,0,male,31.0,1,0,52,B71,S
1,1,female,27.0,1,2,52,B71,S
1,1,male,31.0,1,0,57,B20,S
1,1,female,17.0,1,0,57,B20,S
1,1,male,53.0,1,1,81.8583,A34,S
1,1,male,4.0,0,2,81.8583,A34,S
1,1,female,54.0,1,1,81.8583,A34,S
1,0,male,50.0,1,0,106.425,C86,C
1,1,female,27.0,1,1,247.5208,B58,C
1,1,female,48.0,1,0,106.425,C86,C
1,1,female,48.0,1,0,39.6,A16,C
1,1,male,49.0,1,0,56.9292,A20,C
1,0,male,39.0,0,0,29.7,A18,C
1,1,female,23.0,0,1,83.1583,C54,C
1,1,female,38.0,0,0,227.525,C45,C
1,1,female,54.0,1,0,78.2667,D20,C
1,0,female,36.0,0,0,31.6792,A29,C
1,0,male,29.813199137104508,0,0,221.7792,C95,S
1,1,female,29.813199137104508,0,0,31.6833,N,S
1,1,female,29.813199137104508,0,0,110.8833,N,C
1,1,male,36.0,0,0,26.3875,E25,S
1,0,male,30.0,0,0,27.75,C111,C
1,1,female,24.0,3,2,263,C23,S
1,1,female,28.0,3,2,263,C23,S
1,1,female,23.0,3,2,263,C23,S
1,0,male,19.0,3,2,263,C23,S
1,0,male,64.0,1,4,263,C23,S
1,1,female,60.0,1,4,263,C23,S
1,1,female,30.0,0,0,56.9292,E36,C
1,0,male,29.813199137104508,0,0,26.55,D34,S
1,1,male,50.0,2,0,133.65,N,S
1,1,male,43.0,1,0,27.7208,D40,C
1,1,female,29.813199137104508,1,0,133.65,N,S
1,1,female,22.0,0,2,49.5,B39,C
1,1,male,60.0,1,1,79.2,B41,C
1,1,female,48.0,1,1,79.2,B41,C
1,0,male,29.813199137104508,0,0,0,B102,S
1,0,male,37.0,1,0,53.1,C123,S
1,1,female,35.0,1,0,53.1,C123,S
1,0,male,47.0,0,0,38.5,E63,S
1,1,female,35.0,0,0,211.5,C130,C
1,1,female,22.0,0,1,59.4,N,C
1,1,female,45.0,0,1,59.4,N,C
1,0,male,24.0,0,0,79.2,B86,C
1,1,male,49.0,1,0,89.1042,C92,C
1,1,female,29.813199137104508,1,0,89.1042,C92,C
1,0,male,71.0,0,0,34.6542,A5,C
1,1,male,53.0,0,0,28.5,C51,C
1,1,female,19.0,0,0,30,B42,S
1,0,male,38.0,0,1,153.4625,C91,S
1,1,female,58.0,0,1,153.4625,C125,S
1,1,male,23.0,0,1,63.3583,D10,C
1,1,female,45.0,0,1,63.3583,D10,C
1,0,male,46.0,0,0,79.2,B82,C
1,1,male,25.0,1,0,55.4417,E50,C
1,1,female,25.0,1,0,55.4417,E50,C
1,1,male,48.0,1,0,76.7292,D33,C
1,1,female,49.0,1,0,76.7292,D33,C
1,0,male,29.813199137104508,0,0,42.4,N,S
1,0,male,45.0,1,0,83.475,C83,S
1,1,female,35.0,1,0,83.475,C83,S
1,0,male,40.0,0,0,0,B94,S
1,1,male,27.0,0,0,76.7292,D49,C
1,1,male,29.813199137104508,0,0,30,D45,S
1,1,female,24.0,0,0,83.1583,C54,C
1,0,male,55.0,1,1,93.5,B69,S
1,1,female,52.0,1,1,93.5,B69,S
1,0,male,42.0,0,0,42.5,B11,S
1,0,male,29.813199137104508,0,0,51.8625,E46,S
1,0,male,55.0,0,0,50,C39,S
1,1,female,16.0,0,1,57.9792,B18,C
1,1,female,44.0,0,1,57.9792,B18,C
1,1,female,51.0,1,0,77.9583,D11,S
1,0,male,42.0,1,0,52,N,S
1,1,female,35.0,1,0,52,N,S
1,1,male,35.0,0,0,26.55,N,C
1,1,male,38.0,1,0,90,C93,S
1,0,male,29.813199137104508,0,0,30.6958,N,C
1,1,female,35.0,1,0,90,C93,S
1,0,female,50.0,0,0,28.7125,C49,C
1,1,male,49.0,0,0,0,B52,S
1,0,male,46.0,0,0,26,N,S
1,0,male,50.0,0,0,26,E60,S
1,0,male,32.5,0,0,211.5,C132,C
1,0,male,58.0,0,0,29.7,B37,C
1,0,male,41.0,1,0,51.8625,D21,S
1,1,female,29.813199137104508,1,0,51.8625,D21,S
1,1,male,42.0,1,0,52.5542,D19,S
1,1,female,45.0,1,0,52.5542,D19,S
1,0,male,29.813199137104508,0,0,26.55,C124,S
1,1,female,39.0,0,0,211.3375,N,S
1,1,female,49.0,0,0,25.9292,D17,S
1,1,female,30.0,0,0,106.425,N,C
1,1,male,35.0,0,0,512.3292,B101,C
1,0,male,29.813199137104508,0,0,27.7208,N,C
1,0,male,42.0,0,0,26.55,N,S
1,1,female,55.0,0,0,27.7208,N,C
1,1,female,16.0,0,1,39.4,D28,S
1,1,female,51.0,0,1,39.4,D28,S
1,0,male,29.0,0,0,30,D6,S
1,1,female,21.0,0,0,77.9583,D9,S
1,0,male,30.0,0,0,45.5,N,S
1,1,female,58.0,0,0,146.5208,B80,C
1,1,female,15.0,0,1,211.3375,B5,S
1,0,male,30.0,0,0,26,C106,S
1,1,female,16.0,0,0,86.5,B79,S
1,1,male,29.813199137104508,0,0,29.7,C47,C
1,0,male,19.0,1,0,53.1,D30,S
1,1,female,18.0,1,0,53.1,D30,S
1,1,female,24.0,0,0,49.5042,C90,C
1,0,male,46.0,0,0,75.2417,C6,C
1,0,male,54.0,0,0,51.8625,E46,S
1,1,male,36.0,0,0,26.2875,E25,S
1,0,male,28.0,1,0,82.1708,N,C
1,1,female,29.813199137104508,1,0,82.1708,N,C
1,0,male,65.0,0,0,26.55,E38,S
1,0,male,44.0,2,0,90,C78,Q
1,1,female,33.0,1,0,90,C78,Q
1,1,female,37.0,1,0,90,C78,Q
1,1,male,30.0,1,0,57.75,C78,C
1,0,male,55.0,0,0,30.5,C30,S
1,0,male,47.0,0,0,42.4,N,S
1,0,male,37.0,0,1,29.7,C118,C
1,1,female,31.0,1,0,113.275,D36,C
1,1,female,23.0,1,0,113.275,D36,C
1,0,male,58.0,0,2,113.275,D48,C
1,1,female,19.0,0,2,26.2833,D47,S
1,0,male,64.0,0,0,26,N,S
1,1,female,39.0,0,0,108.9,C105,C
1,1,male,29.813199137104508,0,0,25.7417,N,C
1,1,female,22.0,0,1,61.9792,B36,C
1,0,male,65.0,0,1,61.9792,B30,C
1,0,male,28.5,0,0,27.7208,D43,C
1,0,male,29.813199137104508,0,0,0,N,S
1,0,male,45.5,0,0,28.5,C124,S
1,0,male,23.0,0,0,93.5,B24,S
1,0,male,29.0,1,0,66.6,C2,S
1,1,female,22.0,1,0,66.6,C2,S
1,0,male,18.0,1,0,108.9,C65,C
1,1,female,17.0,1,0,108.9,C65,C
1,1,female,30.0,0,0,93.5,B73,S
1,1,male,52.0,0,0,30.5,C104,S
1,0,male,47.0,0,0,52,C110,S
1,1,female,56.0,0,1,83.1583,C50,C
1,0,male,38.0,0,0,0,N,S
1,1,male,29.813199137104508,0,0,39.6,N,S
1,0,male,22.0,0,0,135.6333,N,C
1,0,male,29.813199137104508,0,0,227.525,N,C
1,1,female,43.0,0,1,211.3375,B3,S
1,0,male,31.0,0,0,50.4958,A24,S
1,1,male,45.0,0,0,26.55,N,S
1,0,male,29.813199137104508,0,0,50,A32,S
1,1,female,33.0,0,0,27.7208,A11,C
1,0,male,46.0,0,0,79.2,N,C
1,0,male,36.0,0,0,40.125,A10,C
1,1,female,33.0,0,0,86.5,B77,S
1,0,male,55.0,1,0,59.4,N,C
1,1,female,54.0,1,0,59.4,N,C
1,0,male,33.0,0,0,26.55,N,S
1,1,male,13.0,2,2,262.375,B57,C
1,1,female,18.0,2,2,262.375,B57,C
1,1,female,21.0,2,2,262.375,B57,C
1,0,male,61.0,1,3,262.375,B57,C
1,1,female,48.0,1,3,262.375,B57,C
1,1,male,29.813199137104508,0,0,30.5,C106,S
1,1,female,24.0,0,0,69.3,B35,C
1,1,male,29.813199137104508,0,0,26,N,S
1,1,female,35.0,1,0,57.75,C28,C
1,1,female,30.0,0,0,31,N,C
1,1,male,34.0,0,0,26.55,N,S
1,1,female,40.0,0,0,153.4625,C125,S
1,1,male,35.0,0,0,26.2875,E24,S
1,0,male,50.0,1,0,55.9,E44,S
1,1,female,39.0,1,0,55.9,E44,S
1,1,male,56.0,0,0,35.5,A26,C
1,1,male,28.0,0,0,35.5,A6,S
1,0,male,56.0,0,0,26.55,N,S
1,0,male,56.0,0,0,30.6958,A7,C
1,0,male,24.0,1,0,60,C31,S
1,0,male,29.813199137104508,0,0,26,A19,S
1,1,female,18.0,1,0,60,C31,S
1,1,male,24.0,1,0,82.2667,B45,S
1,1,female,23.0,1,0,82.2667,B45,S
1,1,male,6.0,0,2,134.5,E34,C
1,1,male,45.0,1,1,134.5,E34,C
1,1,female,40.0,1,1,134.5,E34,C
1,0,male,57.0,1,0,146.5208,B78,C
1,1,female,29.813199137104508,1,0,146.5208,B78,C
1,1,male,32.0,0,0,30.5,B50,C
1,0,male,62.0,0,0,26.55,C87,S
1,1,male,54.0,1,0,55.4417,C116,C
1,1,female,43.0,1,0,55.4417,C116,C
1,1,female,52.0,1,0,78.2667,D20,C
1,0,male,29.813199137104508,0,0,27.7208,N,C
1,0,male,67.0,1,0,221.7792,C55,S
1,0,female,63.0,1,0,221.7792,C55,S
1,0,male,61.0,0,0,32.3208,D50,S
1,1,female,48.0,0,0,25.9292,D17,S
1,1,female,18.0,0,2,79.65,E68,S
1,0,male,52.0,1,1,79.65,E67,S
1,1,female,39.0,1,1,79.65,E67,S
1,1,male,48.0,1,0,52,C126,S
1,1,female,29.813199137104508,1,0,52,C126,S
1,0,male,49.0,1,1,110.8833,C68,C
1,1,male,17.0,0,2,110.8833,C70,C
1,1,female,39.0,1,1,110.8833,C68,C
1,1,female,29.813199137104508,0,0,79.2,N,C
1,1,male,31.0,0,0,28.5375,C53,C
1,0,male,40.0,0,0,27.7208,N,C
1,0,male,61.0,0,0,33.5,B19,S
1,0,male,47.0,0,0,34.0208,D46,S
1,1,female,35.0,0,0,512.3292,N,C
1,0,male,64.0,1,0,75.25,D37,C
1,1,female,60.0,1,0,75.25,D37,C
1,0,male,60.0,0,0,26.55,N,S
1,0,male,54.0,0,1,77.2875,D26,S
1,0,male,21.0,0,1,77.2875,D26,S
1,1,female,55.0,0,0,135.6333,C32,C
1,1,female,31.0,0,2,164.8667,C7,S
1,0,male,57.0,1,1,164.8667,N,S
1,1,female,45.0,1,1,164.8667,N,S
1,0,male,50.0,1,1,211.5,C80,C
1,0,male,27.0,0,2,211.5,C82,C
1,1,female,50.0,1,1,211.5,C80,C
1,1,female,21.0,0,0,26.55,N,S
1,0,male,51.0,0,1,61.3792,N,C
1,1,male,21.0,0,1,61.3792,N,C
1,0,male,29.813199137104508,0,0,35,C128,S
1,1,female,31.0,0,0,134.5,E39,C
1,1,male,29.813199137104508,0,0,35.5,C52,S
1,0,male,62.0,0,0,26.55,N,S
1,1,female,36.0,0,0,135.6333,C32,C
2,0,male,30.0,1,0,24,N,C
2,1,female,28.0,1,0,24,N,C
2,0,male,30.0,0,0,13,N,S
2,0,male,18.0,0,0,11.5,N,S
2,0,male,25.0,0,0,10.5,N,S
2,0,male,34.0,1,0,26,N,S
2,1,female,36.0,1,0,26,N,S
2,0,male,57.0,0,0,13,N,S
2,0,male,18.0,0,0,11.5,N,S
2,0,male,23.0,0,0,10.5,N,S
2,1,female,36.0,0,0,13,D,S
2,0,male,28.0,0,0,10.5,N,S
2,0,male,51.0,0,0,12.525,N,S
2,1,male,32.0,1,0,26,N,S
2,1,female,19.0,1,0,26,N,S
2,0,male,28.0,0,0,26,N,S
2,1,male,1.0,2,1,39,F4,S
2,1,female,4.0,2,1,39,F4,S
2,1,female,12.0,2,1,39,F4,S
2,1,female,36.0,0,3,39,F4,S
2,1,male,34.0,0,0,13,D56,S
2,1,female,19.0,0,0,13,N,S
2,0,male,23.0,0,0,13,N,S
2,0,male,26.0,0,0,13,N,S
2,0,male,42.0,0,0,13,N,S
2,0,male,27.0,0,0,13,N,S
2,1,female,24.0,0,0,13,F33,S
2,1,female,15.0,0,2,39,N,S
2,0,male,60.0,1,1,39,N,S
2,1,female,40.0,1,1,39,N,S
2,1,female,20.0,1,0,26,N,S
2,0,male,25.0,1,0,26,N,S
2,1,female,36.0,0,0,13,N,S
2,0,male,25.0,0,0,13,N,S
2,0,male,42.0,0,0,13,N,S
2,1,female,42.0,0,0,13,N,S
2,1,male,0.8333,0,2,29,N,S
2,1,male,26.0,1,1,29,N,S
2,1,female,22.0,1,1,29,N,S
2,1,female,35.0,0,0,21,N,S
2,0,male,29.813199137104508,0,0,0,N,S
2,0,male,19.0,0,0,13,N,S
2,0,female,44.0,1,0,26,N,S
2,0,male,54.0,1,0,26,N,S
2,0,male,52.0,0,0,13.5,N,S
2,0,male,37.0,1,0,26,N,S
2,0,female,29.0,1,0,26,N,S
2,1,female,25.0,1,1,30,N,S
2,1,female,45.0,0,2,30,N,S
2,0,male,29.0,1,0,26,N,S
2,1,female,28.0,1,0,26,N,S
2,0,male,29.0,0,0,10.5,N,S
2,0,male,28.0,0,0,13,N,S
2,1,male,24.0,0,0,10.5,N,S
2,1,female,8.0,0,2,26.25,N,S
2,0,male,31.0,1,1,26.25,N,S
2,1,female,31.0,1,1,26.25,N,S
2,1,female,22.0,0,0,10.5,F33,S
2,0,female,30.0,0,0,13,N,S
2,0,female,29.813199137104508,0,0,21,N,S
2,0,male,21.0,0,0,11.5,N,S
2,0,male,29.813199137104508,0,0,0,N,S
2,1,male,8.0,1,1,36.75,N,S
2,0,male,18.0,0,0,73.5,N,S
2,1,female,48.0,0,2,36.75,N,S
2,1,female,28.0,0,0,13,N,S
2,0,male,32.0,0,0,13,N,S
2,0,male,17.0,0,0,73.5,N,S
2,0,male,29.0,1,0,27.7208,N,C
2,1,female,24.0,1,0,27.7208,N,C
2,0,male,25.0,0,0,31.5,N,S
2,0,male,18.0,0,0,73.5,N,S
2,1,female,18.0,0,1,23,N,S
2,1,female,34.0,0,1,23,N,S
2,0,male,54.0,0,0,26,N,S
2,1,male,8.0,0,2,32.5,N,S
2,0,male,42.0,1,1,32.5,N,S
2,1,female,34.0,1,1,32.5,N,S
2,1,female,27.0,1,0,13.8583,N,C
2,1,female,30.0,1,0,13.8583,N,C
2,0,male,23.0,0,0,13,N,S
2,0,male,21.0,0,0,13,N,S
2,0,male,18.0,0,0,13,N,S
2,0,male,40.0,1,0,26,N,S
2,1,female,29.0,1,0,26,N,S
2,0,male,18.0,0,0,10.5,N,S
2,0,male,36.0,0,0,13,N,S
2,0,male,29.813199137104508,0,0,0,N,S
2,0,female,38.0,0,0,13,N,S
2,0,male,35.0,0,0,26,N,S
2,0,male,38.0,1,0,21,N,S
2,0,male,34.0,1,0,21,N,S
2,1,female,34.0,0,0,13,N,S
2,0,male,16.0,0,0,26,N,S
2,0,male,26.0,0,0,10.5,N,S
2,0,male,47.0,0,0,10.5,N,S
2,0,male,21.0,1,0,11.5,N,S
2,0,male,21.0,1,0,11.5,N,S
2,0,male,24.0,0,0,13.5,N,S
2,0,male,24.0,0,0,13,N,S
2,0,male,34.0,0,0,13,N,S
2,0,male,30.0,0,0,13,N,S
2,0,male,52.0,0,0,13,N,S
2,0,male,30.0,0,0,13,N,S
2,1,male,0.6667,1,1,14.5,N,S
2,1,female,24.0,0,2,14.5,N,S
2,0,male,44.0,0,0,13,N,S
2,1,female,6.0,0,1,33,N,S
2,0,male,28.0,0,1,33,N,S
2,1,male,62.0,0,0,10.5,N,S
2,0,male,30.0,0,0,10.5,N,S
2,1,female,7.0,0,2,26.25,N,S
2,0,male,43.0,1,1,26.25,N,S
2,1,female,45.0,1,1,26.25,N,S
2,1,female,24.0,1,2,65,N,S
2,1,female,24.0,1,2,65,N,S
2,0,male,49.0,1,2,65,N,S
2,1,female,48.0,1,2,65,N,S
2,1,female,55.0,0,0,16,N,S
2,0,male,24.0,2,0,73.5,N,S
2,0,male,32.0,2,0,73.5,N,S
2,0,male,21.0,2,0,73.5,N,S
2,0,female,18.0,1,1,13,N,S
2,1,female,20.0,2,1,23,N,S
2,0,male,23.0,2,1,11.5,N,S
2,0,male,36.0,0,0,13,N,S
2,1,female,54.0,1,3,23,N,S
2,0,male,50.0,0,0,13,N,S
2,0,male,44.0,1,0,26,N,S
2,1,female,29.0,1,0,26,N,S
2,0,male,21.0,0,0,73.5,N,S
2,1,male,42.0,0,0,13,N,S
2,0,male,63.0,1,0,26,N,S
2,0,female,60.0,1,0,26,N,S
2,0,male,33.0,0,0,12.275,N,S
2,1,female,17.0,0,0,10.5,N,S
2,0,male,42.0,1,0,27,N,S
2,1,female,24.0,2,1,27,N,S
2,0,male,47.0,0,0,15,N,S
2,0,male,24.0,2,0,31.5,N,S
2,0,male,22.0,2,0,31.5,N,S
2,0,male,32.0,0,0,10.5,N,S
2,1,female,23.0,0,0,13.7917,D,C
2,0,male,34.0,1,0,26,N,S
2,1,female,24.0,1,0,26,N,S
2,0,female,22.0,0,0,21,N,S
2,1,female,29.813199137104508,0,0,12.35,E101,Q
2,0,male,35.0,0,0,12.35,N,Q
2,1,female,45.0,0,0,13.5,N,S
2,0,male,57.0,0,0,12.35,N,Q
2,0,male,29.813199137104508,0,0,0,N,S
2,0,male,31.0,0,0,10.5,N,S
2,0,female,26.0,1,1,26,N,S
2,0,male,30.0,1,1,26,N,S
2,0,male,29.813199137104508,0,0,10.7083,N,Q
2,1,female,1.0,1,2,41.5792,N,C
2,1,female,3.0,1,2,41.5792,N,C
2,0,male,25.0,1,2,41.5792,N,C
2,1,female,22.0,1,2,41.5792,N,C
2,1,female,17.0,0,0,12,N,C
2,1,female,29.813199137104508,0,0,33,N,S
2,1,female,34.0,0,0,10.5,F33,S
2,0,male,36.0,0,0,12.875,D,C
2,0,male,24.0,0,0,10.5,N,S
2,0,male,61.0,0,0,12.35,N,Q
2,0,male,50.0,1,0,26,N,S
2,1,female,42.0,1,0,26,N,S
2,0,female,57.0,0,0,10.5,E77,S
2,0,male,29.813199137104508,0,0,15.0458,D,C
2,1,male,1.0,0,2,37.0042,N,C
2,0,male,31.0,1,1,37.0042,N,C
2,1,female,24.0,1,1,37.0042,N,C
2,0,male,29.813199137104508,0,0,15.5792,N,C
2,0,male,30.0,0,0,13,N,S
2,0,male,40.0,0,0,16,N,S
2,0,male,32.0,0,0,13.5,N,S
2,0,male,30.0,0,0,13,N,S
2,0,male,46.0,0,0,26,N,S
2,1,female,13.0,0,1,19.5,N,S
2,1,female,41.0,0,1,19.5,N,S
2,1,male,19.0,0,0,10.5,N,S
2,0,male,39.0,0,0,13,N,S
2,0,male,48.0,0,0,13,N,S
2,0,male,70.0,0,0,10.5,N,S
2,0,male,27.0,0,0,13,N,S
2,0,male,54.0,0,0,14,N,S
2,0,male,39.0,0,0,26,N,S
2,0,male,16.0,0,0,10.5,N,S
2,0,male,62.0,0,0,9.6875,N,Q
2,0,male,32.5,1,0,30.0708,N,C
2,1,female,14.0,1,0,30.0708,N,C
2,1,male,2.0,1,1,26,F2,S
2,1,male,3.0,1,1,26,F2,S
2,0,male,36.5,0,2,26,F2,S
2,0,male,26.0,0,0,13,F2,S
2,0,male,19.0,1,1,36.75,N,S
2,0,male,28.0,0,0,13.5,N,S
2,1,male,20.0,0,0,13.8625,D38,C
2,1,female,29.0,0,0,10.5,F33,S
2,0,male,39.0,0,0,13,N,S
2,1,male,22.0,0,0,10.5,N,S
2,1,male,29.813199137104508,0,0,13.8625,N,C
2,0,male,23.0,0,0,10.5,N,S
2,1,male,29.0,0,0,13.8583,N,C
2,0,male,28.0,0,0,10.5,N,S
2,0,male,29.813199137104508,0,0,0,N,S
2,1,female,50.0,0,1,26,N,S
2,0,male,19.0,0,0,10.5,N,S
2,0,male,29.813199137104508,0,0,15.05,N,C
2,0,male,41.0,0,0,13,N,S
2,1,female,21.0,0,1,21,N,S
2,1,female,19.0,0,0,26,N,S
2,0,male,43.0,0,1,21,N,S
2,1,female,32.0,0,0,13,N,S
2,0,male,34.0,0,0,13,N,S
2,1,male,30.0,0,0,12.7375,N,C
2,0,male,27.0,0,0,15.0333,N,C
2,1,female,2.0,1,1,26,N,S
2,1,female,8.0,1,1,26,N,S
2,1,female,33.0,0,2,26,N,S
2,0,male,36.0,0,0,10.5,N,S
2,0,male,34.0,1,0,21,N,S
2,1,female,30.0,3,0,21,N,S
2,1,female,28.0,0,0,13,N,S
2,0,male,23.0,0,0,15.0458,N,C
2,1,male,0.8333,1,1,18.75,N,S
2,1,male,3.0,1,1,18.75,N,S
2,1,female,24.0,2,3,18.75,N,S
2,1,female,50.0,0,0,10.5,N,S
2,0,male,19.0,0,0,10.5,N,S
2,1,female,21.0,0,0,10.5,N,S
2,0,male,26.0,0,0,13,N,S
2,0,male,25.0,0,0,13,N,S
2,0,male,27.0,0,0,26,N,S
2,1,female,25.0,0,1,26,N,S
2,1,female,18.0,0,2,13,N,S
2,1,female,20.0,0,0,36.75,N,S
2,1,female,30.0,0,0,13,N,S
2,0,male,59.0,0,0,13.5,N,S
2,1,female,30.0,0,0,12.35,N,Q
2,0,male,35.0,0,0,10.5,N,S
2,1,female,40.0,0,0,13,N,S
2,0,male,25.0,0,0,13,N,S
2,0,male,41.0,0,0,15.0458,N,C
2,0,male,25.0,0,0,10.5,N,S
2,0,male,18.5,0,0,13,F,S
2,0,male,14.0,0,0,65,N,S
2,1,female,50.0,0,0,10.5,N,S
2,0,male,23.0,0,0,13,N,S
2,1,female,28.0,0,0,12.65,N,S
2,1,female,27.0,0,0,10.5,E101,S
2,0,male,29.0,1,0,21,N,S
2,0,female,27.0,1,0,21,N,S
2,0,male,40.0,0,0,13,N,S
2,1,female,31.0,0,0,21,N,S
2,0,male,30.0,1,0,21,N,S
2,0,male,23.0,1,0,10.5,N,S
2,1,female,31.0,0,0,21,N,S
2,0,male,29.813199137104508,0,0,0,N,S
2,1,female,12.0,0,0,15.75,N,S
2,1,female,40.0,0,0,15.75,N,S
2,1,female,32.5,0,0,13,E101,S
2,0,male,27.0,1,0,26,N,S
2,1,female,29.0,1,0,26,N,S
2,1,male,2.0,1,1,23,N,S
2,1,female,4.0,1,1,23,N,S
2,1,female,29.0,0,2,23,N,S
2,1,female,0.9167,1,2,27.75,N,S
2,1,female,5.0,1,2,27.75,N,S
2,0,male,36.0,1,2,27.75,N,S
2,1,female,33.0,1,2,27.75,N,S
2,0,male,66.0,0,0,10.5,N,S
2,0,male,29.813199137104508,0,0,12.875,N,S
2,1,male,31.0,0,0,13,N,S
2,1,male,29.813199137104508,0,0,13,N,S
2,1,female,26.0,0,0,13.5,N,S
2,0,female,24.0,0,0,13,N,S
3,0,male,42.0,0,0,7.55,N,S
3,0,male,13.0,0,2,20.25,N,S
3,0,male,16.0,1,1,20.25,N,S
3,1,female,35.0,1,1,20.25,N,S
3,1,female,16.0,0,0,7.65,N,S
3,1,male,25.0,0,0,7.65,F,S
3,1,male,20.0,0,0,7.925,N,S
3,1,female,18.0,0,0,7.2292,N,C
3,0,male,30.0,0,0,7.25,N,S
3,0,male,26.0,0,0,8.05,N,S
3,0,female,40.0,1,0,9.475,N,S
3,1,male,0.8333,0,1,9.35,N,S
3,1,female,18.0,0,1,9.35,N,S
3,1,male,26.0,0,0,18.7875,N,C
3,0,male,26.0,0,0,7.8875,N,S
3,0,male,20.0,0,0,7.925,N,S
3,0,male,24.0,0,0,7.05,N,S
3,0,male,25.0,0,0,7.05,N,S
3,0,male,35.0,0,0,8.05,N,S
3,0,male,18.0,0,0,8.3,N,S
3,0,male,32.0,0,0,22.525,N,S
3,1,female,19.0,1,0,7.8542,N,S
3,0,male,4.0,4,2,31.275,N,S
3,0,female,6.0,4,2,31.275,N,S
3,0,female,2.0,4,2,31.275,N,S
3,1,female,17.0,4,2,7.925,N,S
3,0,female,38.0,4,2,7.775,N,S
3,0,female,9.0,4,2,31.275,N,S
3,0,female,11.0,4,2,31.275,N,S
3,0,male,39.0,1,5,31.275,N,S
3,1,male,27.0,0,0,7.7958,N,S
3,0,male,26.0,0,0,7.775,N,S
3,0,female,39.0,1,5,31.275,N,S
3,0,male,20.0,0,0,7.8542,N,S
3,0,male,26.0,0,0,7.8958,N,S
3,0,male,25.0,1,0,17.8,N,S
3,0,female,18.0,1,0,17.8,N,S
3,0,male,24.0,0,0,7.775,N,S
3,0,male,35.0,0,0,7.05,N,S
3,0,male,5.0,4,2,31.3875,N,S
3,0,male,9.0,4,2,31.3875,N,S
3,1,male,3.0,4,2,31.3875,N,S
3,0,male,13.0,4,2,31.3875,N,S
3,1,female,5.0,4,2,31.3875,N,S
3,0,male,40.0,1,5,31.3875,N,S
3,1,male,23.0,0,0,7.7958,N,S
3,1,female,38.0,1,5,31.3875,N,S
3,1,female,45.0,0,0,7.225,N,C
3,0,male,21.0,0,0,7.225,N,C
3,0,male,23.0,0,0,7.05,N,S
3,0,female,17.0,0,0,14.4583,N,C
3,0,male,30.0,0,0,7.225,N,C
3,0,male,23.0,0,0,7.8542,N,S
3,1,female,13.0,0,0,7.2292,N,C
3,0,male,20.0,0,0,7.225,N,C
3,0,male,32.0,1,0,15.85,N,S
3,1,female,33.0,3,0,15.85,N,S
3,1,female,0.75,2,1,19.2583,N,C
3,1,female,0.75,2,1,19.2583,N,C
3,1,female,5.0,2,1,19.2583,N,C
3,1,female,24.0,0,3,19.2583,N,C
3,1,female,18.0,0,0,8.05,N,S
3,0,male,40.0,0,0,7.225,N,C
3,0,male,26.0,0,0,7.8958,N,S
3,1,male,20.0,0,0,7.2292,N,C
3,0,female,18.0,0,1,14.4542,N,C
3,0,female,45.0,0,1,14.4542,N,C
3,0,female,27.0,0,0,7.8792,N,Q
3,0,male,22.0,0,0,8.05,N,S
3,0,male,19.0,0,0,8.05,N,S
3,0,male,26.0,0,0,7.775,N,S
3,0,male,22.0,0,0,9.35,N,S
3,0,male,29.813199137104508,0,0,7.2292,N,C
3,0,male,20.0,0,0,4.0125,N,C
3,1,male,32.0,0,0,56.4958,N,S
3,0,male,21.0,0,0,7.775,N,S
3,0,male,18.0,0,0,7.75,N,S
3,0,male,26.0,0,0,7.8958,N,S
3,0,male,6.0,1,1,15.2458,N,C
3,0,female,9.0,1,1,15.2458,N,C
3,0,male,29.813199137104508,0,0,7.225,N,C
3,0,female,29.813199137104508,0,2,15.2458,N,C
3,0,female,29.813199137104508,0,2,7.75,N,Q
3,0,male,40.0,1,1,15.5,N,Q
3,0,female,32.0,1,1,15.5,N,Q
3,0,male,21.0,0,0,16.1,N,S
3,1,female,22.0,0,0,7.725,N,Q
3,0,female,20.0,0,0,7.8542,N,S
3,0,male,29.0,1,0,7.0458,N,S
3,0,male,22.0,1,0,7.25,N,S
3,0,male,22.0,0,0,7.7958,N,S
3,0,male,35.0,0,0,8.05,N,S
3,0,female,18.5,0,0,7.2833,N,Q
3,1,male,21.0,0,0,7.8208,N,Q
3,0,male,19.0,0,0,6.75,N,Q
3,0,female,18.0,0,0,7.8792,N,Q
3,0,female,21.0,0,0,8.6625,N,S
3,0,female,30.0,0,0,8.6625,N,S
3,0,male,18.0,0,0,8.6625,N,S
3,0,male,38.0,0,0,8.6625,N,S
3,0,male,17.0,0,0,8.6625,N,S
3,0,male,17.0,0,0,8.6625,N,S
3,0,female,21.0,0,0,7.75,N,Q
3,0,male,21.0,0,0,7.75,N,Q
3,0,male,21.0,0,0,8.05,N,S
3,0,male,29.813199137104508,1,0,14.4583,N,C
3,0,female,29.813199137104508,1,0,14.4583,N,C
3,0,male,28.0,0,0,7.7958,N,S
3,0,male,24.0,0,0,7.8542,N,S
3,1,female,16.0,0,0,7.75,N,Q
3,0,female,37.0,0,0,7.75,N,Q
3,0,male,28.0,0,0,7.25,N,S
3,0,male,24.0,0,0,8.05,N,S
3,0,male,21.0,0,0,7.7333,N,Q
3,1,male,32.0,0,0,56.4958,N,S
3,0,male,29.0,0,0,8.05,N,S
3,0,male,26.0,1,0,14.4542,N,C
3,0,male,18.0,1,0,14.4542,N,C
3,0,male,20.0,0,0,7.05,N,S
3,1,male,18.0,0,0,8.05,N,S
3,0,male,24.0,0,0,7.25,N,Q
3,0,male,36.0,0,0,7.4958,N,S
3,0,male,24.0,0,0,7.4958,N,S
3,0,male,31.0,0,0,7.7333,N,Q
3,0,male,31.0,0,0,7.75,N,Q
3,1,female,22.0,0,0,7.75,N,Q
3,0,female,30.0,0,0,7.6292,N,Q
3,0,male,70.5,0,0,7.75,N,Q
3,0,male,43.0,0,0,8.05,N,S
3,0,male,35.0,0,0,7.8958,N,S
3,0,male,27.0,0,0,7.8958,N,S
3,0,male,19.0,0,0,7.8958,N,S
3,0,male,30.0,0,0,8.05,N,S
3,1,male,9.0,1,1,15.9,N,S
3,1,male,3.0,1,1,15.9,N,S
3,1,female,36.0,0,2,15.9,N,S
3,0,male,59.0,0,0,7.25,N,S
3,0,male,19.0,0,0,8.1583,N,S
3,1,female,17.0,0,1,16.1,N,S
3,0,male,44.0,0,1,16.1,N,S
3,0,male,17.0,0,0,8.6625,N,S
3,0,male,22.5,0,0,7.225,N,C
3,1,male,45.0,0,0,8.05,N,S
3,0,female,22.0,0,0,10.5167,N,S
3,0,male,19.0,0,0,10.1708,N,S
3,1,female,30.0,0,0,6.95,N,Q
3,1,male,29.0,0,0,7.75,N,Q
3,0,male,0.3333,0,2,14.4,N,S
3,0,male,34.0,1,1,14.4,N,S
3,0,female,28.0,1,1,14.4,N,S
3,0,male,27.0,0,0,7.8958,N,S
3,0,male,25.0,0,0,7.8958,N,S
3,0,male,24.0,2,0,24.15,N,S
3,0,male,22.0,0,0,8.05,N,S
3,0,male,21.0,2,0,24.15,N,S
3,0,male,17.0,2,0,8.05,N,S
3,0,male,29.813199137104508,1,0,16.1,N,S
3,1,female,29.813199137104508,1,0,16.1,N,S
3,1,male,36.5,1,0,17.4,N,S
3,1,female,36.0,1,0,17.4,N,S
3,1,male,30.0,0,0,9.5,N,S
3,0,male,16.0,0,0,9.5,N,S
3,1,male,1.0,1,2,20.575,N,S
3,1,female,0.1667,1,2,20.575,N,S
3,0,male,26.0,1,2,20.575,N,S
3,1,female,33.0,1,2,20.575,N,S
3,0,male,25.0,0,0,7.8958,N,S
3,0,male,29.813199137104508,0,0,7.8958,N,S
3,0,male,29.813199137104508,0,0,7.8958,N,S
3,0,male,22.0,0,0,7.25,N,S
3,0,male,36.0,0,0,7.25,N,S
3,1,female,19.0,0,0,7.8792,N,Q
3,0,male,17.0,0,0,7.8958,N,S
3,0,male,42.0,0,0,8.6625,N,S
3,0,male,43.0,0,0,7.8958,N,S
3,0,male,29.813199137104508,0,0,7.2292,N,C
3,0,male,32.0,0,0,7.75,N,Q
3,1,male,19.0,0,0,8.05,N,S
3,1,female,30.0,0,0,12.475,N,S
3,0,female,24.0,0,0,7.75,N,Q
3,1,female,23.0,0,0,8.05,N,S
3,0,male,33.0,0,0,7.8958,N,C
3,0,male,65.0,0,0,7.75,N,Q
3,1,male,24.0,0,0,7.55,N,S
3,0,male,23.0,1,0,13.9,N,S
3,1,female,22.0,1,0,13.9,N,S
3,0,male,18.0,0,0,7.775,N,S
3,0,male,16.0,0,0,7.775,N,S
3,0,male,45.0,0,0,6.975,N,S
3,0,male,29.813199137104508,0,0,7.225,N,C
3,0,male,39.0,0,2,7.2292,N,C
3,0,male,17.0,1,1,7.2292,N,C
3,0,male,15.0,1,1,7.2292,N,C
3,0,male,47.0,0,0,7.25,N,S
3,1,female,5.0,0,0,12.475,N,S
3,0,male,29.813199137104508,0,0,7.225,N,C
3,0,male,40.5,0,0,15.1,N,S
3,0,male,40.5,0,0,7.75,N,Q
3,1,male,29.813199137104508,0,0,7.05,N,S
3,0,male,18.0,0,0,7.7958,N,S
3,0,female,29.813199137104508,0,0,7.75,N,Q
3,0,male,29.813199137104508,0,0,7.75,N,Q
3,0,male,29.813199137104508,0,0,6.95,N,Q
3,0,male,26.0,0,0,7.8792,N,Q
3,0,male,29.813199137104508,0,0,7.75,N,Q
3,1,male,29.813199137104508,0,0,56.4958,N,S
3,0,female,21.0,2,2,34.375,N,S
3,0,female,9.0,2,2,34.375,N,S
3,0,male,29.813199137104508,0,0,8.05,N,S
3,0,male,18.0,2,2,34.375,N,S
3,0,male,16.0,1,3,34.375,N,S
3,0,female,48.0,1,3,34.375,N,S
3,0,male,29.813199137104508,0,0,7.75,N,Q
3,0,male,29.813199137104508,0,0,7.25,N,S
3,0,male,25.0,0,0,7.7417,N,Q
3,0,male,29.813199137104508,0,0,14.5,N,S
3,0,male,29.813199137104508,0,0,7.8958,N,C
3,0,male,22.0,0,0,8.05,N,S
3,1,female,16.0,0,0,7.7333,N,Q
3,1,female,29.813199137104508,0,0,7.75,N,Q
3,1,male,9.0,0,2,20.525,N,S
3,0,male,33.0,1,1,20.525,N,S
3,0,male,41.0,0,0,7.85,N,S
3,1,female,31.0,1,1,20.525,N,S
3,0,male,38.0,0,0,7.05,N,S
3,0,male,9.0,5,2,46.9,N,S
3,0,male,1.0,5,2,46.9,N,S
3,0,male,11.0,5,2,46.9,N,S
3,0,female,10.0,5,2,46.9,N,S
3,0,female,16.0,5,2,46.9,N,S
3,0,male,14.0,5,2,46.9,N,S
3,0,male,40.0,1,6,46.9,N,S
3,0,female,43.0,1,6,46.9,N,S
3,0,male,51.0,0,0,8.05,N,S
3,0,male,32.0,0,0,8.3625,N,S
3,0,male,29.813199137104508,0,0,8.05,N,S
3,0,male,20.0,0,0,9.8458,N,S
3,0,male,37.0,2,0,7.925,N,S
3,0,male,28.0,2,0,7.925,N,S
3,0,male,19.0,0,0,7.775,N,S
3,0,female,24.0,0,0,8.85,N,S
3,0,female,17.0,0,0,7.7333,N,Q
3,0,male,29.813199137104508,1,0,19.9667,N,S
3,0,male,29.813199137104508,1,0,19.9667,N,S
3,0,male,28.0,1,0,15.85,N,S
3,1,female,24.0,1,0,15.85,N,S
3,0,male,20.0,0,0,9.5,N,S
3,0,male,23.5,0,0,7.2292,N,C
3,0,male,41.0,2,0,14.1083,N,S
3,0,male,26.0,1,0,7.8542,N,S
3,0,male,21.0,0,0,7.8542,N,S
3,1,female,45.0,1,0,14.1083,N,S
3,0,female,29.813199137104508,0,0,7.55,N,S
3,0,male,25.0,0,0,7.25,N,S
3,0,male,29.813199137104508,0,0,6.8583,N,Q
3,0,male,11.0,0,0,18.7875,N,C
3,1,female,29.813199137104508,0,0,7.75,N,Q
3,1,male,27.0,0,0,6.975,N,S
3,1,male,29.813199137104508,0,0,56.4958,N,S
3,0,female,18.0,0,0,6.75,N,Q
3,1,female,26.0,0,0,7.925,N,S
3,0,female,23.0,0,0,7.925,N,S
3,1,female,22.0,0,0,8.9625,N,S
3,0,male,28.0,0,0,7.8958,N,S
3,0,female,28.0,0,0,7.775,N,S
3,0,female,29.813199137104508,0,0,7.75,N,Q
3,1,female,2.0,0,1,12.2875,N,S
3,1,female,22.0,1,1,12.2875,N,S
3,0,male,43.0,0,0,6.45,N,S
3,0,male,28.0,0,0,22.525,N,S
3,1,female,27.0,0,0,7.925,N,S
3,0,male,29.813199137104508,0,0,7.75,N,Q
3,1,female,29.813199137104508,0,0,8.05,N,S
3,0,male,42.0,0,0,7.65,F,S
3,1,male,29.813199137104508,0,0,7.8875,N,S
3,0,male,30.0,0,0,7.2292,N,C
3,0,male,29.813199137104508,0,0,7.8958,N,S
3,0,female,27.0,1,0,7.925,N,S
3,0,female,25.0,1,0,7.925,N,S
3,0,male,29.813199137104508,0,0,7.8958,N,S
3,1,male,29.0,0,0,7.8958,N,C
3,1,male,21.0,0,0,7.7958,N,S
3,0,male,29.813199137104508,0,0,7.05,N,S
3,0,male,20.0,0,0,7.8542,N,S
3,0,male,48.0,0,0,7.8542,N,S
3,0,male,17.0,1,0,7.0542,N,S
3,1,female,29.813199137104508,0,0,7.75,N,Q
3,1,male,29.813199137104508,0,0,8.1125,N,S
3,0,male,34.0,0,0,6.4958,N,S
3,1,male,26.0,0,0,7.775,N,S
3,0,male,22.0,0,0,7.7958,N,S
3,0,male,33.0,0,0,8.6542,N,S
3,0,male,31.0,0,0,7.775,N,S
3,0,male,29.0,0,0,7.8542,N,S
3,1,male,4.0,1,1,11.1333,N,S
3,1,female,1.0,1,1,11.1333,N,S
3,0,male,49.0,0,0,0,N,S
3,0,male,33.0,0,0,7.775,N,S
3,0,male,19.0,0,0,0,N,S
3,1,female,27.0,0,2,11.1333,N,S
3,0,male,29.813199137104508,1,2,23.45,N,S
3,0,female,29.813199137104508,1,2,23.45,N,S
3,0,male,29.813199137104508,1,2,23.45,N,S
3,0,female,29.813199137104508,1,2,23.45,N,S
3,0,male,23.0,0,0,7.8958,N,S
3,1,male,32.0,0,0,7.8542,N,S
3,0,male,27.0,0,0,7.8542,N,S
3,0,female,20.0,1,0,9.825,N,S
3,0,female,21.0,1,0,9.825,N,S
3,1,male,32.0,0,0,7.925,N,S
3,0,male,17.0,0,0,7.125,N,S
3,0,male,21.0,0,0,8.4333,N,S
3,0,male,30.0,0,0,7.8958,N,S
3,1,male,21.0,0,0,7.7958,N,S
3,0,male,33.0,0,0,7.8542,N,S
3,0,male,22.0,0,0,7.5208,N,S
3,1,female,4.0,0,1,13.4167,N,C
3,1,male,39.0,0,1,13.4167,N,C
3,0,male,29.813199137104508,0,0,7.2292,N,C
3,0,male,18.5,0,0,7.2292,N,C
3,0,male,29.813199137104508,0,0,7.75,N,Q
3,0,male,29.813199137104508,0,0,7.25,N,S
3,1,female,29.813199137104508,0,0,7.75,N,Q
3,1,female,29.813199137104508,0,0,7.75,N,Q
3,0,male,34.5,0,0,7.8292,N,Q
3,0,male,44.0,0,0,8.05,N,S
3,1,male,29.813199137104508,0,0,7.75,N,Q
3,0,male,29.813199137104508,1,0,14.4542,N,C
3,0,female,29.813199137104508,1,0,14.4542,N,C
3,0,male,29.813199137104508,1,0,7.75,N,Q
3,0,male,29.813199137104508,1,0,7.75,N,Q
3,0,male,29.813199137104508,0,0,7.7375,N,Q
3,0,female,22.0,2,0,8.6625,N,S
3,0,male,26.0,2,0,8.6625,N,S
3,1,female,4.0,0,2,22.025,N,S
3,1,male,29.0,3,1,22.025,N,S
3,1,female,26.0,1,1,22.025,N,S
3,0,female,1.0,1,1,12.1833,N,S
3,0,male,18.0,1,1,7.8542,N,S
3,0,female,36.0,0,2,12.1833,N,S
3,0,male,29.813199137104508,0,0,7.8958,N,C
3,1,male,25.0,0,0,7.2292,F,C
3,0,male,29.813199137104508,0,0,7.225,N,C
3,0,female,37.0,0,0,9.5875,N,S
3,0,male,29.813199137104508,0,0,7.8958,N,S
3,1,male,29.813199137104508,0,0,56.4958,N,S
3,0,male,29.813199137104508,0,0,56.4958,N,S
3,1,female,22.0,0,0,7.25,N,S
3,0,male,29.813199137104508,0,0,7.75,N,Q
3,1,male,26.0,0,0,56.4958,N,S
3,0,male,29.0,0,0,9.4833,N,S
3,0,male,29.0,0,0,7.775,N,S
3,0,male,22.0,0,0,7.775,N,S
3,1,male,22.0,0,0,7.225,N,C
3,0,male,29.813199137104508,3,1,25.4667,N,S
3,0,female,29.813199137104508,3,1,25.4667,N,S
3,0,female,29.813199137104508,3,1,25.4667,N,S
3,0,female,29.813199137104508,3,1,25.4667,N,S
3,0,female,29.813199137104508,0,4,25.4667,N,S
3,0,male,32.0,0,0,7.925,N,S
3,0,male,34.5,0,0,6.4375,N,C
3,0,female,29.813199137104508,1,0,15.5,N,Q
3,0,male,29.813199137104508,1,0,15.5,N,Q
3,0,male,36.0,0,0,0,N,S
3,0,male,39.0,0,0,24.15,N,S
3,0,male,24.0,0,0,9.5,N,S
3,0,female,25.0,0,0,7.775,N,S
3,0,female,45.0,0,0,7.75,N,S
3,0,male,36.0,1,0,15.55,N,S
3,0,female,30.0,1,0,15.55,N,S
3,1,male,20.0,1,0,7.925,N,S
3,0,male,29.813199137104508,0,0,7.8792,N,Q
3,0,male,28.0,0,0,56.4958,N,S
3,0,male,29.813199137104508,0,0,7.55,N,S
3,0,male,30.0,1,0,16.1,N,S
3,0,female,26.0,1,0,16.1,N,S
3,0,male,29.813199137104508,0,0,7.8792,N,S
3,0,male,20.5,0,0,7.25,N,S
3,1,male,27.0,0,0,8.6625,N,S
3,0,male,51.0,0,0,7.0542,N,S
3,1,female,23.0,0,0,7.8542,N,S
3,1,male,32.0,0,0,7.5792,N,S
3,0,male,29.813199137104508,0,0,7.8958,N,S
3,0,male,29.813199137104508,0,0,7.55,N,S
3,1,female,29.813199137104508,0,0,7.75,N,Q
3,1,male,24.0,0,0,7.1417,N,S
3,0,male,22.0,0,0,7.125,N,S
3,0,female,29.813199137104508,0,0,7.8792,N,Q
3,0,male,29.813199137104508,0,0,7.75,N,Q
3,0,male,29.813199137104508,0,0,8.05,N,S
3,0,male,29.0,0,0,7.925,N,S
3,1,male,29.813199137104508,0,0,7.2292,N,C
3,0,female,30.5,0,0,7.75,N,Q
3,1,female,29.813199137104508,0,0,7.7375,N,Q
3,0,male,29.813199137104508,0,0,7.2292,F,C
3,0,male,35.0,0,0,7.8958,N,C
3,0,male,33.0,0,0,7.8958,N,S
3,1,female,29.813199137104508,0,0,7.225,N,C
3,0,male,29.813199137104508,0,0,7.8958,N,C
3,1,female,29.813199137104508,0,0,7.75,N,Q
3,1,male,29.813199137104508,0,0,7.75,N,Q
3,1,female,29.813199137104508,2,0,23.25,N,Q
3,1,female,29.813199137104508,2,0,23.25,N,Q
3,1,male,29.813199137104508,2,0,23.25,N,Q
3,1,female,29.813199137104508,0,0,7.7875,N,Q
3,0,male,29.813199137104508,0,0,15.5,N,Q
3,1,female,29.813199137104508,0,0,7.8792,N,Q
3,1,female,15.0,0,0,8.0292,N,Q
3,0,female,35.0,0,0,7.75,N,Q
3,0,male,29.813199137104508,0,0,7.75,N,Q
3,0,male,24.0,1,0,16.1,N,S
3,0,female,19.0,1,0,16.1,N,S
3,0,female,29.813199137104508,0,0,7.75,N,Q
3,0,female,29.813199137104508,0,0,8.05,N,S
3,0,female,29.813199137104508,0,0,8.05,N,S
3,0,male,55.5,0,0,8.05,N,S
3,0,male,29.813199137104508,0,0,7.75,N,Q
3,1,male,21.0,0,0,7.775,N,S
3,0,male,29.813199137104508,0,0,8.05,N,S
3,0,male,24.0,0,0,7.8958,N,S
3,0,male,21.0,0,0,7.8958,N,S
3,0,male,28.0,0,0,7.8958,N,S
3,0,male,29.813199137104508,0,0,7.8958,N,S
3,1,female,29.813199137104508,0,0,7.8792,N,Q
3,0,male,25.0,0,0,7.65,F,S
3,1,male,6.0,0,1,12.475,E121,S
3,1,female,27.0,0,1,12.475,E121,S
3,0,male,29.813199137104508,0,0,8.05,N,S
3,1,female,29.813199137104508,1,0,24.15,N,Q
3,0,male,29.813199137104508,1,0,24.15,N,Q
3,0,male,29.813199137104508,0,0,8.4583,N,Q
3,0,male,34.0,0,0,8.05,N,S
3,0,male,29.813199137104508,0,0,7.75,N,Q
3,1,male,29.813199137104508,0,0,7.775,N,S
3,1,male,29.813199137104508,1,1,15.2458,N,C
3,1,male,29.813199137104508,1,1,15.2458,N,C
3,1,female,29.813199137104508,0,2,15.2458,N,C
3,1,female,29.813199137104508,0,0,7.2292,N,C
3,0,male,29.813199137104508,0,0,8.05,N,S
3,1,female,29.813199137104508,0,0,7.7333,N,Q
3,1,female,24.0,0,0,7.75,N,Q
3,0,male,29.813199137104508,0,0,8.05,N,S
3,1,female,29.813199137104508,1,0,15.5,N,Q
3,1,female,29.813199137104508,1,0,15.5,N,Q
3,1,female,29.813199137104508,0,0,15.5,N,Q
3,0,male,18.0,0,0,7.75,N,S
3,0,male,22.0,0,0,7.8958,N,S
3,1,female,15.0,0,0,7.225,N,C
3,1,female,1.0,0,2,15.7417,N,C
3,1,male,20.0,1,1,15.7417,N,C
3,1,female,19.0,1,1,15.7417,N,C
3,0,male,33.0,0,0,8.05,N,S
3,0,male,29.813199137104508,0,0,7.8958,N,S
3,0,male,29.813199137104508,0,0,7.2292,N,C
3,0,female,29.813199137104508,0,0,7.75,N,Q
3,0,male,29.813199137104508,0,0,7.8958,N,S
3,1,male,12.0,1,0,11.2417,N,C
3,1,female,14.0,1,0,11.2417,N,C
3,0,female,29.0,0,0,7.925,N,S
3,0,male,28.0,0,0,8.05,N,S
3,1,female,18.0,0,0,7.775,N,S
3,1,female,26.0,0,0,7.8542,N,S
3,0,male,21.0,0,0,7.8542,N,S
3,0,male,41.0,0,0,7.125,N,S
3,1,male,39.0,0,0,7.925,N,S
3,0,male,21.0,0,0,7.8,N,S
3,0,male,28.5,0,0,7.2292,N,C
3,1,female,22.0,0,0,7.75,N,S
3,0,male,61.0,0,0,6.2375,N,S
3,0,male,29.813199137104508,1,0,15.5,N,Q
3,0,male,29.813199137104508,0,0,7.8292,N,Q
3,1,female,29.813199137104508,1,0,15.5,N,Q
3,0,male,29.813199137104508,0,0,7.7333,N,Q
3,0,male,29.813199137104508,0,0,7.75,N,Q
3,0,male,29.813199137104508,0,0,7.75,N,Q
3,0,male,23.0,0,0,9.225,N,S
3,0,female,29.813199137104508,0,0,7.75,N,Q
3,1,female,29.813199137104508,0,0,7.75,N,Q
3,1,female,29.813199137104508,0,0,7.8792,N,Q
3,1,female,22.0,0,0,7.775,N,S
3,1,male,29.813199137104508,0,0,7.75,N,Q
3,1,female,29.813199137104508,0,0,7.8292,N,Q
3,1,male,9.0,0,1,3.1708,N,S
3,0,male,28.0,0,0,22.525,N,S
3,0,male,42.0,0,1,8.4042,N,S
3,0,male,29.813199137104508,0,0,7.3125,N,S
3,0,female,31.0,0,0,7.8542,N,S
3,0,male,28.0,0,0,7.8542,N,S
3,1,male,32.0,0,0,7.775,N,S
3,0,male,20.0,0,0,9.225,N,S
3,0,female,23.0,0,0,8.6625,N,S
3,0,female,20.0,0,0,8.6625,N,S
3,0,male,20.0,0,0,8.6625,N,S
3,0,male,16.0,0,0,9.2167,N,S
3,1,female,31.0,0,0,8.6833,N,S
3,0,female,29.813199137104508,0,0,7.6292,N,Q
3,0,male,2.0,3,1,21.075,N,S
3,0,male,6.0,3,1,21.075,N,S
3,0,female,3.0,3,1,21.075,N,S
3,0,female,8.0,3,1,21.075,N,S
3,0,female,29.0,0,4,21.075,N,S
3,0,male,1.0,4,1,39.6875,N,S
3,0,male,7.0,4,1,39.6875,N,S
3,0,male,2.0,4,1,39.6875,N,S
3,0,male,16.0,4,1,39.6875,N,S
3,0,male,14.0,4,1,39.6875,N,S
3,0,female,41.0,0,5,39.6875,N,S
3,0,male,21.0,0,0,8.6625,N,S
3,0,male,19.0,0,0,14.5,N,S
3,0,male,29.813199137104508,0,0,8.7125,N,C
3,0,male,32.0,0,0,7.8958,N,S
3,0,male,0.75,1,1,13.775,N,S
3,0,female,3.0,1,1,13.775,N,S
3,0,female,26.0,0,2,13.775,N,S
3,0,male,29.813199137104508,0,0,7,N,S
3,0,male,29.813199137104508,0,0,7.775,N,S
3,0,male,29.813199137104508,0,0,8.05,N,S
3,0,male,21.0,0,0,7.925,N,S
3,0,male,25.0,0,0,7.925,N,S
3,0,male,22.0,0,0,7.25,N,S
3,1,male,25.0,1,0,7.775,N,S
3,1,male,29.813199137104508,1,1,22.3583,N,C
3,1,female,29.813199137104508,1,1,22.3583,F,C
3,1,female,29.813199137104508,0,2,22.3583,N,C
3,0,female,29.813199137104508,0,0,8.1375,N,Q
3,0,male,24.0,0,0,8.05,N,S
3,0,female,28.0,0,0,7.8958,N,S
3,0,male,19.0,0,0,7.8958,N,S
3,0,male,29.813199137104508,0,0,7.8958,N,S
3,0,male,25.0,1,0,7.775,N,S
3,0,female,18.0,0,0,7.775,N,S
3,1,male,32.0,0,0,8.05,E10,S
3,0,male,29.813199137104508,0,0,7.8958,N,S
3,0,male,17.0,0,0,8.6625,N,S
3,0,male,24.0,0,0,8.6625,N,S
3,0,male,29.813199137104508,0,0,7.8958,N,S
3,0,female,29.813199137104508,0,0,8.1125,N,S
3,0,male,29.813199137104508,0,0,7.2292,N,C
3,0,male,29.813199137104508,0,0,7.25,N,S
3,0,male,38.0,0,0,7.8958,N,S
3,0,male,21.0,0,0,8.05,N,S
3,0,male,10.0,4,1,29.125,N,Q
3,0,male,4.0,4,1,29.125,N,Q
3,0,male,7.0,4,1,29.125,N,Q
3,0,male,2.0,4,1,29.125,N,Q
3,0,male,8.0,4,1,29.125,N,Q
3,0,female,39.0,0,5,29.125,N,Q
3,0,female,22.0,0,0,39.6875,N,S
3,0,male,35.0,0,0,7.125,N,S
3,1,female,29.813199137104508,0,0,7.7208,N,Q
3,0,male,29.813199137104508,0,0,14.5,N,S
3,0,female,29.813199137104508,0,0,14.5,N,S
3,0,male,50.0,1,0,14.5,N,S
3,0,female,47.0,1,0,14.5,N,S
3,0,male,29.813199137104508,0,0,8.05,N,S
3,0,male,29.813199137104508,0,0,7.775,N,S
3,0,female,2.0,1,1,20.2125,N,S
3,0,male,18.0,1,1,20.2125,N,S
3,0,female,41.0,0,2,20.2125,N,S
3,1,female,29.813199137104508,0,0,8.05,N,S
3,0,male,50.0,0,0,8.05,N,S
3,0,male,16.0,0,0,8.05,N,S
3,1,male,29.813199137104508,0,0,7.75,N,Q
3,0,male,29.813199137104508,0,0,24.15,N,Q
3,0,male,29.813199137104508,0,0,7.2292,N,C
3,0,male,25.0,0,0,7.225,N,C
3,0,male,29.813199137104508,0,0,7.225,N,C
3,0,male,29.813199137104508,0,0,7.7292,N,Q
3,0,male,29.813199137104508,0,0,7.575,N,S
3,0,male,38.5,0,0,7.25,N,S
3,0,male,29.813199137104508,8,2,69.55,N,S
3,0,male,14.5,8,2,69.55,N,S
3,0,female,29.813199137104508,8,2,69.55,N,S
3,0,female,29.813199137104508,8,2,69.55,N,S
3,0,female,29.813199137104508,8,2,69.55,N,S
3,0,female,29.813199137104508,8,2,69.55,N,S
3,0,male,29.813199137104508,8,2,69.55,N,S
3,0,male,29.813199137104508,8,2,69.55,N,S
3,0,male,29.813199137104508,8,2,69.55,N,S
3,0,male,29.813199137104508,1,9,69.55,N,S
3,0,female,29.813199137104508,1,9,69.55,N,S
3,0,male,24.0,0,0,9.325,N,S
3,1,female,21.0,0,0,7.65,N,S
3,0,male,39.0,0,0,7.925,N,S
3,0,male,29.813199137104508,2,0,21.6792,N,C
3,0,male,29.813199137104508,2,0,21.6792,N,C
3,0,male,29.813199137104508,2,0,21.6792,N,C
3,1,female,1.0,1,1,16.7,G6,S
3,1,female,24.0,0,2,16.7,G6,S
3,1,female,4.0,1,1,16.7,G6,S
3,1,male,25.0,0,0,9.5,N,S
3,0,male,20.0,0,0,8.05,N,S
3,0,male,24.5,0,0,8.05,N,S
3,0,male,29.813199137104508,0,0,7.725,N,Q
3,0,male,29.813199137104508,0,0,7.8958,N,S
3,0,male,29.813199137104508,0,0,7.75,N,Q
3,1,male,29.0,0,0,9.5,N,S
3,0,male,29.813199137104508,0,0,15.1,N,S
3,1,female,29.813199137104508,0,0,7.7792,N,Q
3,0,male,29.813199137104508,0,0,8.05,N,S
3,0,male,29.813199137104508,0,0,8.05,N,S
3,0,male,22.0,0,0,7.2292,N,C
3,0,male,29.813199137104508,0,0,8.05,N,S
3,0,male,40.0,0,0,7.8958,N,S
3,0,male,21.0,0,0,7.925,N,S
3,1,female,18.0,0,0,7.4958,N,S
3,0,male,4.0,3,2,27.9,N,S
3,0,male,10.0,3,2,27.9,N,S
3,0,female,9.0,3,2,27.9,N,S
3,0,female,2.0,3,2,27.9,N,S
3,0,male,40.0,1,4,27.9,N,S
3,0,female,45.0,1,4,27.9,N,S
3,0,male,29.813199137104508,0,0,7.8958,N,S
3,0,male,29.813199137104508,0,0,8.05,N,S
3,0,male,29.813199137104508,0,0,8.6625,N,S
3,0,male,29.813199137104508,0,0,7.75,N,Q
3,1,female,29.813199137104508,0,0,7.7333,N,Q
3,0,male,19.0,0,0,7.65,F,S
3,0,male,30.0,0,0,8.05,N,S
3,0,male,29.813199137104508,0,0,8.05,N,S
3,0,male,32.0,0,0,8.05,N,S
3,0,male,29.813199137104508,0,0,7.8958,N,S
3,0,male,33.0,0,0,8.6625,N,C
3,1,female,23.0,0,0,7.55,N,S
3,0,male,21.0,0,0,8.05,N,S
3,0,male,19.0,0,0,7.8958,N,S
3,0,female,22.0,0,0,9.8375,N,S
3,1,male,31.0,0,0,7.925,N,S
3,0,male,27.0,0,0,8.6625,N,S
3,0,female,2.0,0,1,10.4625,G6,S
3,0,female,29.0,1,1,10.4625,G6,S
3,1,male,16.0,0,0,8.05,N,S
3,1,male,44.0,0,0,7.925,N,S
3,0,male,25.0,0,0,7.05,N,S
3,0,male,74.0,0,0,7.775,N,S
3,1,male,14.0,0,0,9.225,N,S
3,0,male,24.0,0,0,7.7958,N,S
3,1,male,25.0,0,0,7.7958,N,S
3,0,male,34.0,0,0,8.05,N,S
3,1,male,0.4167,0,1,8.5167,N,C
3,0,male,29.813199137104508,1,0,6.4375,N,C
3,0,male,29.813199137104508,0,0,6.4375,N,C
3,0,male,29.813199137104508,0,0,7.225,N,C
3,1,female,16.0,1,1,8.5167,N,C
3,0,male,29.813199137104508,0,0,8.05,N,S
3,0,male,29.813199137104508,1,0,16.1,N,S
3,1,female,29.813199137104508,1,0,16.1,N,S
3,0,male,32.0,0,0,7.925,N,S
3,0,male,29.813199137104508,0,0,7.75,F38,Q
3,0,male,29.813199137104508,0,0,7.8958,N,S
3,0,male,30.5,0,0,8.05,N,S
3,0,male,44.0,0,0,8.05,N,S
3,0,male,29.813199137104508,0,0,7.2292,N,C
3,1,male,25.0,0,0,0,N,S
3,0,male,29.813199137104508,0,0,7.2292,N,C
3,1,male,7.0,1,1,15.2458,N,C
3,1,female,9.0,1,1,15.2458,N,C
3,1,female,29.0,0,2,15.2458,N,C
3,0,male,36.0,0,0,7.8958,N,S
3,1,female,18.0,0,0,9.8417,N,S
3,1,female,63.0,0,0,9.5875,N,S
3,0,male,29.813199137104508,1,1,14.5,N,S
3,0,male,11.5,1,1,14.5,N,S
3,0,male,40.5,0,2,14.5,N,S
3,0,female,10.0,0,2,24.15,N,S
3,0,male,36.0,1,1,24.15,N,S
3,0,female,30.0,1,1,24.15,N,S
3,0,male,29.813199137104508,0,0,9.5,N,S
3,0,male,33.0,0,0,9.5,N,S
3,0,male,28.0,0,0,9.5,N,S
3,0,male,28.0,0,0,9.5,N,S
3,0,male,47.0,0,0,9,N,S
3,0,female,18.0,2,0,18,N,S
3,0,male,31.0,3,0,18,N,S
3,0,male,16.0,2,0,18,N,S
3,0,female,31.0,1,0,18,N,S
3,1,male,22.0,0,0,7.225,N,C
3,0,male,20.0,0,0,7.8542,N,S
3,0,female,14.0,0,0,7.8542,N,S
3,0,male,22.0,0,0,7.8958,N,S
3,0,male,22.0,0,0,9,N,S
3,0,male,29.813199137104508,0,0,8.05,N,S
3,0,male,29.813199137104508,0,0,7.55,N,S
3,0,male,29.813199137104508,0,0,8.05,N,S
3,0,male,32.5,0,0,9.5,N,S
3,1,female,38.0,0,0,7.2292,N,C
3,0,male,51.0,0,0,7.75,N,S
3,0,male,18.0,1,0,6.4958,N,S
3,0,male,21.0,1,0,6.4958,N,S
3,1,female,47.0,1,0,7,N,S
3,0,male,29.813199137104508,0,0,8.7125,N,S
3,0,male,29.813199137104508,0,0,7.55,N,S
3,0,male,29.813199137104508,0,0,8.05,N,S
3,0,male,28.5,0,0,16.1,N,S
3,0,male,21.0,0,0,7.25,N,S
3,0,male,27.0,0,0,8.6625,N,S
3,0,male,29.813199137104508,0,0,7.25,N,S
3,0,male,36.0,0,0,9.5,N,S
3,0,male,27.0,1,0,14.4542,N,C
3,1,female,15.0,1,0,14.4542,N,C
3,0,male,45.5,0,0,7.225,N,C
3,0,male,29.813199137104508,0,0,7.225,N,C
3,0,male,29.813199137104508,0,0,14.4583,N,C
3,0,female,14.5,1,0,14.4542,N,C
3,0,female,29.813199137104508,1,0,14.4542,N,C
3,0,male,26.5,0,0,7.225,N,C
3,0,male,27.0,0,0,7.225,N,C
3,0,male,29.0,0,0,7.875,N,S
